id;chat_id;username;firstname;lastname;phone_number;role;create_at
1;78556;Sleek secondary Sleek;bandwidth Bacon;hack;Rwanda;Organizer;2022-12-04T02:01:22
2;95984;value-added impactful;SQL;orchid;optical;Member;2022-12-03T20:19:33
3;92799;middleware;Branding grey;HTTP payment Keyboard;innovate;Member;2022-12-04T12:47:23
4;86680;Auto Producer protocol;Plain moderator;lavender virtual;transmit Account unleash;Member;2022-12-03T19:29:53
5;68894;monetize;silver;Internal invoice;web-readiness;Capitan;2022-12-04T07:00:49
6;31669;solution plum;Ohio;Manager;GB International multi-byte;Capitan;2022-12-03T18:59:08
7;83589;morph synergistic;Bedfordshire needs-based;Buckinghamshire installation Buckinghamshire;Legacy;Capitan;2022-12-04T08:09:06
8;94604;withdrawal;Officer;Kwanza program reinvent;turquoise Divide;Member;2022-12-03T13:27:27
9;56096;secured;Crest synergy Salad;non-volatile;transmit;Organizer;2022-12-04T06:55:53
10;50624;Health time-frame;Iceland bypass ADP;Administrator Tasty 24/7;orange multimedia Michigan;Organizer;2022-12-03T14:47:10
